Month,Product,Product_Name,Demand_Units,Promo,Avg_Price_EUR,List_Price_EUR,Working_Days,Calendar_Note
2021-01,ND100,Standard,3763,0,99.96,100.0,20,
2021-01,ND200,Plus,2015,0,129.38,130.0,20,
2021-01,ND300,Pro,1070,0,169.2,170.0,20,
2021-02,ND100,Standard,3638,0,99.58,100.0,20,
2021-02,ND200,Plus,2415,0,129.03,130.0,20,
2021-02,ND300,Pro,1055,0,168.98,170.0,20,
2021-03,ND100,Standard,4617,0,99.6,100.0,23,
2021-03,ND200,Plus,2503,0,129.59,130.0,23,
2021-03,ND300,Pro,1406,0,168.98,170.0,23,
2021-04,ND100,Standard,4242,0,99.68,100.0,21,
2021-04,ND200,Plus,2282,0,129.53,130.0,21,
2021-04,ND300,Pro,1236,0,169.05,170.0,21,
2021-05,ND100,Standard,3458,0,99.42,100.0,18,Eid al-Fitr
2021-05,ND200,Plus,2223,0,128.87,130.0,18,Eid al-Fitr
2021-05,ND300,Pro,1463,1,152.96,170.0,18,Eid al-Fitr
2021-06,ND100,Standard,4393,0,99.63,100.0,22,
2021-06,ND200,Plus,2369,0,129.24,130.0,22,
2021-06,ND300,Pro,1396,0,168.46,170.0,22,
2021-07,ND100,Standard,3516,0,99.33,100.0,17,Eid al-Adha
2021-07,ND200,Plus,2103,0,129.78,130.0,17,Eid al-Adha
2021-07,ND300,Pro,1579,1,144.24,170.0,17,Eid al-Adha
2021-08,ND100,Standard,3152,0,99.57,100.0,16,Customers' summer shutdown (one week)
2021-08,ND200,Plus,1955,0,129.27,130.0,16,Customers' summer shutdown (one week)
2021-08,ND300,Pro,1069,0,169.1,170.0,16,Customers' summer shutdown (one week)
2021-09,ND100,Standard,4059,0,99.17,100.0,22,
2021-09,ND200,Plus,2628,0,129.52,130.0,22,
2021-09,ND300,Pro,1678,1,155.21,170.0,22,
2021-10,ND100,Standard,3739,0,99.97,100.0,20,
2021-10,ND200,Plus,2621,0,128.77,130.0,20,
2021-10,ND300,Pro,1280,0,169.89,170.0,20,
2021-11,ND100,Standard,4277,0,99.31,100.0,22,
2021-11,ND200,Plus,2588,0,130.0,130.0,22,
2021-11,ND300,Pro,1530,0,168.84,170.0,22,
2021-12,ND100,Standard,5210,1,91.35,100.0,23,
2021-12,ND200,Plus,2823,0,128.92,130.0,23,
2021-12,ND300,Pro,1706,0,169.37,170.0,23,
2022-01,ND100,Standard,3749,0,102.43,102.5,21,
2022-01,ND200,Plus,2480,0,132.53,133.25,21,
2022-01,ND300,Pro,1604,1,164.09,174.25,21,
2022-02,ND100,Standard,4940,1,90.09,102.5,20,
2022-02,ND200,Plus,2467,0,132.95,133.25,20,
2022-02,ND300,Pro,2016,1,153.04,174.25,20,
2022-03,ND100,Standard,4126,0,101.78,102.5,23,
2022-03,ND200,Plus,2640,0,133.18,133.25,23,
2022-03,ND300,Pro,1625,0,173.25,174.25,23,
2022-04,ND100,Standard,4210,0,102.37,102.5,21,
2022-04,ND200,Plus,3200,1,112.31,133.25,21,
2022-04,ND300,Pro,1655,0,173.07,174.25,21,
2022-05,ND100,Standard,3459,0,101.53,102.5,18,Eid al-Fitr
2022-05,ND200,Plus,2330,0,132.2,133.25,18,Eid al-Fitr
2022-05,ND300,Pro,1504,0,173.36,174.25,18,Eid al-Fitr
2022-06,ND100,Standard,4130,0,102.44,102.5,22,
2022-06,ND200,Plus,2499,0,133.22,133.25,22,
2022-06,ND300,Pro,1970,0,173.3,174.25,22,
2022-07,ND100,Standard,3757,0,101.65,102.5,18,Eid al-Adha
2022-07,ND200,Plus,2219,0,133.19,133.25,18,Eid al-Adha
2022-07,ND300,Pro,1656,0,173.08,174.25,18,Eid al-Adha
2022-08,ND100,Standard,3241,0,102.16,102.5,17,Customers' summer shutdown (one week)
2022-08,ND200,Plus,2160,0,132.11,133.25,17,Customers' summer shutdown (one week)
2022-08,ND300,Pro,1493,0,172.67,174.25,17,Customers' summer shutdown (one week)
2022-09,ND100,Standard,5119,0,101.8,102.5,22,
2022-09,ND200,Plus,2645,0,132.66,133.25,22,
2022-09,ND300,Pro,1881,0,173.18,174.25,22,
2022-10,ND100,Standard,4449,0,102.33,102.5,21,
2022-10,ND200,Plus,2691,0,132.56,133.25,21,
2022-10,ND300,Pro,1947,0,173.4,174.25,21,
2022-11,ND100,Standard,4268,0,101.72,102.5,22,
2022-11,ND200,Plus,2920,0,132.42,133.25,22,
2022-11,ND300,Pro,1824,0,172.62,174.25,22,
2022-12,ND100,Standard,4521,0,101.88,102.5,22,
2022-12,ND200,Plus,2661,0,132.03,133.25,22,
2022-12,ND300,Pro,1870,0,172.97,174.25,22,
2023-01,ND100,Standard,4519,0,104.21,105.06,22,
2023-01,ND200,Plus,2902,0,135.32,136.58,22,
2023-01,ND300,Pro,2212,0,178.3,178.61,22,
2023-02,ND100,Standard,4542,0,104.67,105.06,20,
2023-02,ND200,Plus,2733,0,135.79,136.58,20,
2023-02,ND300,Pro,1919,0,177.46,178.61,20,
2023-03,ND100,Standard,4783,0,104.77,105.06,23,
2023-03,ND200,Plus,3062,0,136.05,136.58,23,
2023-03,ND300,Pro,2178,0,178.44,178.61,23,
2023-04,ND100,Standard,3783,0,104.81,105.06,19,Eid al-Fitr
2023-04,ND200,Plus,2606,0,136.25,136.58,19,Eid al-Fitr
2023-04,ND300,Pro,1794,0,177.15,178.61,19,Eid al-Fitr
2023-05,ND100,Standard,4787,0,104.25,105.06,21,
2023-05,ND200,Plus,2889,0,136.52,136.58,21,
2023-05,ND300,Pro,1979,0,177.51,178.61,21,
2023-06,ND100,Standard,4085,0,104.88,105.06,19,Eid al-Adha
2023-06,ND200,Plus,2490,0,135.79,136.58,19,Eid al-Adha
2023-06,ND300,Pro,2056,0,178.55,178.61,19,Eid al-Adha
2023-07,ND100,Standard,4545,0,104.09,105.06,21,
2023-07,ND200,Plus,2639,0,135.78,136.58,21,
2023-07,ND300,Pro,2019,0,177.81,178.61,21,
2023-08,ND100,Standard,3430,0,104.55,105.06,17,Customers' summer shutdown (one week)
2023-08,ND200,Plus,2478,0,135.96,136.58,17,Customers' summer shutdown (one week)
2023-08,ND300,Pro,1613,0,176.87,178.61,17,Customers' summer shutdown (one week)
2023-09,ND100,Standard,4503,0,104.9,105.06,21,
2023-09,ND200,Plus,2715,0,135.22,136.58,21,
2023-09,ND300,Pro,2098,0,178.37,178.61,21,
2023-10,ND100,Standard,4508,0,104.53,105.06,22,
2023-10,ND200,Plus,3157,0,135.57,136.58,22,
2023-10,ND300,Pro,2219,0,177.47,178.61,22,
2023-11,ND100,Standard,4868,0,104.31,105.06,22,
2023-11,ND200,Plus,3153,0,136.33,136.58,22,
2023-11,ND300,Pro,2440,0,177.7,178.61,22,
2023-12,ND100,Standard,4473,1,99.59,105.06,21,
2023-12,ND200,Plus,3324,0,135.75,136.58,21,
2023-12,ND300,Pro,2368,0,177.76,178.61,21,
2024-01,ND100,Standard,5005,0,107.22,107.69,22,
2024-01,ND200,Plus,3240,0,139.03,140.0,22,
2024-01,ND300,Pro,2430,0,182.33,183.07,22,
2024-02,ND100,Standard,4416,0,107.33,107.69,21,
2024-02,ND200,Plus,3272,0,139.76,140.0,21,
2024-02,ND300,Pro,2446,1,155.31,183.07,21,
2024-03,ND100,Standard,4133,0,106.86,107.69,21,
2024-03,ND200,Plus,3177,0,139.9,140.0,21,
2024-03,ND300,Pro,2220,0,182.34,183.07,21,
2024-04,ND100,Standard,3954,0,106.98,107.69,18,Eid al-Fitr
2024-04,ND200,Plus,2868,0,139.51,140.0,18,Eid al-Fitr
2024-04,ND300,Pro,2120,0,181.28,183.07,18,Eid al-Fitr
2024-05,ND100,Standard,4691,0,107.5,107.69,22,
2024-05,ND200,Plus,3299,0,139.54,140.0,22,
2024-05,ND300,Pro,2271,0,182.72,183.07,22,
2024-06,ND100,Standard,4367,1,96.77,107.69,17,Eid al-Adha
2024-06,ND200,Plus,2660,0,139.23,140.0,17,Eid al-Adha
2024-06,ND300,Pro,2094,1,172.85,183.07,17,Eid al-Adha
2024-07,ND100,Standard,4835,0,106.94,107.69,22,
2024-07,ND200,Plus,3305,0,139.97,140.0,22,
2024-07,ND300,Pro,2381,0,182.87,183.07,22,
2024-08,ND100,Standard,3580,0,107.32,107.69,16,Customers' summer shutdown (one week)
2024-08,ND200,Plus,2521,0,138.62,140.0,16,Customers' summer shutdown (one week)
2024-08,ND300,Pro,1820,0,182.21,183.07,16,Customers' summer shutdown (one week)
2024-09,ND100,Standard,4247,0,107.17,107.69,21,
2024-09,ND200,Plus,4112,1,125.62,140.0,21,
2024-09,ND300,Pro,2000,0,181.47,183.07,21,
2024-10,ND100,Standard,4620,0,107.31,107.69,22,
2024-10,ND200,Plus,3288,0,138.75,140.0,22,
2024-10,ND300,Pro,2503,0,182.23,183.07,22,
2024-11,ND100,Standard,4449,0,106.76,107.69,21,
2024-11,ND200,Plus,3273,0,139.7,140.0,21,
2024-11,ND300,Pro,2638,1,173.24,183.07,21,
2024-12,ND100,Standard,4857,0,106.73,107.69,22,
2024-12,ND200,Plus,3533,0,139.66,140.0,22,
2024-12,ND300,Pro,2761,1,172.89,183.07,22,
2025-01,ND100,Standard,5094,0,109.4,110.38,22,
2025-01,ND200,Plus,3633,0,143.38,143.5,22,
2025-01,ND300,Pro,2541,0,187.0,187.65,22,
2025-02,ND100,Standard,4558,0,109.39,110.38,20,
2025-02,ND200,Plus,3124,0,142.07,143.5,20,
2025-02,ND300,Pro,2372,0,186.72,187.65,20,
2025-03,ND100,Standard,4150,0,109.77,110.38,20,Eid al-Fitr
2025-03,ND200,Plus,3050,0,143.19,143.5,20,Eid al-Fitr
2025-03,ND300,Pro,2383,0,187.0,187.65,20,Eid al-Fitr
2025-04,ND100,Standard,4176,0,110.01,110.38,20,Eid al-Fitr
2025-04,ND200,Plus,3214,0,143.0,143.5,20,Eid al-Fitr
2025-04,ND300,Pro,2691,0,186.19,187.65,20,Eid al-Fitr
2025-05,ND100,Standard,5797,1,93.52,110.38,20,
2025-05,ND200,Plus,3745,1,128.99,143.5,20,
2025-05,ND300,Pro,2827,0,187.25,187.65,20,
2025-06,ND100,Standard,4910,1,98.63,110.38,19,Eid al-Adha
2025-06,ND200,Plus,3079,0,143.11,143.5,19,Eid al-Adha
2025-06,ND300,Pro,3240,1,157.96,187.65,19,Eid al-Adha
2025-07,ND100,Standard,5127,1,104.28,110.38,22,
2025-07,ND200,Plus,4511,1,120.87,143.5,22,
2025-07,ND300,Pro,3158,1,176.94,187.65,22,
2025-08,ND100,Standard,3435,0,110.19,110.38,16,Customers' summer shutdown (one week)
2025-08,ND200,Plus,2670,0,143.34,143.5,16,Customers' summer shutdown (one week)
2025-08,ND300,Pro,2177,0,185.78,187.65,16,Customers' summer shutdown (one week)
2025-09,ND100,Standard,5533,0,110.14,110.38,22,
2025-09,ND200,Plus,3787,0,143.33,143.5,22,
2025-09,ND300,Pro,2581,0,187.32,187.65,22,
2025-10,ND100,Standard,4748,0,109.83,110.38,22,
2025-10,ND200,Plus,3765,0,142.16,143.5,22,
2025-10,ND300,Pro,4075,1,158.52,187.65,22,
2025-11,ND100,Standard,4320,0,109.42,110.38,20,
2025-11,ND200,Plus,3586,0,142.8,143.5,20,
2025-11,ND300,Pro,2623,0,186.25,187.65,20,
2025-12,ND100,Standard,5240,0,110.25,110.38,23,
2025-12,ND200,Plus,3976,0,142.32,143.5,23,
2025-12,ND300,Pro,3838,1,158.05,187.65,23,
